City,Cloudiness,Country,Date,Max Temp,Wind Speed,Lat,Lng,Humidity
Bayburt,83,TR,1561621191,60.9,6.8,40.26,40.22,79
Sao Filipe,0,CV,1561621192,74.22,24.23,14.9,-24.5,84
Barrow,100,AR,1561621142,46.32,15.66,-38.31,-60.23,49
Mataura,36,NZ,1561621192,50,4,-46.19,168.86,90
San Quintin,100,PH,1561621192,79.8,8.43,17.54,120.52,86
Srednekolymsk,33,RU,1561621193,69.36,20.98,67.46,153.71,32
Mana,0,NG,1561621193,87.54,14.85,13.03,5.27,55
Port Elizabeth,1,US,1561621193,75.2,6.93,39.31,-74.98,94
Jamestown,1,AU,1561621194,57.84,12.66,-33.21,138.6,60
Arlit,52,NE,1561620900,96.9,10.38,18.74,7.39,23
Ushuaia,90,AR,1561621150,28.4,28.86,-54.81,-68.31,100
Port Lincoln,100,AU,1561621195,63.78,20.49,-34.72,135.86,65
Stryn,75,NO,1561621195,57,2.24,61.9,6.72,81
Rumford,90,US,1561621195,63,2.01,44.55,-70.55,87
Lebu,75,ET,1561621196,66.2,5.82,8.96,38.73,68
Makakilo City,90,US,1561621143,80.01,3.36,21.35,-158.09,100
Buenos Aires,0,AR,1561621138,50,13.87,-34.61,-58.44,61
Deputatskiy,0,RU,1561621197,71.7,12.44,69.3,139.9,21
Saldanha,26,PT,1561621197,74.04,4,41.42,-6.55,53
Bauchi,27,NG,1561621198,87.9,3.2,10.31,9.85,46
Port Alfred,0,ZA,1561621147,61,4,-33.59,26.89,76
Pavlikeni,0,BG,1561621199,77,2.24,43.24,25.31,83
Erzin,40,TR,1561621199,88,6.93,36.95,36.2,62
Kinablangan,100,PH,1561621200,76.2,3.15,7.69,126.55,89
Rikitea,0,PF,1561621145,74.04,13.44,-23.12,-134.97,84
Bluff,68,AU,1561621200,66.12,14.63,-23.58,149.07,67
Severodvinsk,40,RU,1561621201,64.4,8.95,64.56,39.82,48
Busselton,93,AU,1561621201,53.01,27.6,-33.64,115.35,80
Killam,65,CA,1561621201,53.34,4.21,52.79,-111.86,87
Dingle,100,PH,1561621202,78.9,4.79,11,122.67,86
Vaini,75,IN,1561621141,78.8,13.87,15.34,74.49,74
Skjervoy,75,NO,1561621202,46.4,20.8,70.03,20.97,65
Hobart,0,AU,1561620856,51.8,6.93,-42.88,147.33,66
Kushikino,75,JP,1561621203,78.8,5.82,31.72,130.27,88
Valparaiso,90,US,1561621203,70,5.82,41.47,-87.06,55
Port Hardy,40,CA,1561621204,51.8,1.32,50.7,-127.42,93
Jalu,0,LY,1561621204,90.6,10.33,29.03,21.55,40
Chernyshevskiy,67,RU,1561621204,83.76,6.4,63.01,112.47,28
Bredasdorp,34,ZA,1561621142,46.4,3.36,-34.53,20.04,93
Ulladulla,20,AU,1561621205,57.99,4.7,-35.36,150.48,76
Airai,33,TL,1561621205,72.96,3.49,-8.93,125.41,64
Punta Arenas,40,CL,1561621205,30.2,13.87,-53.16,-70.91,63
Muskegon,1,US,1561621206,66,6.93,43.23,-86.25,87
Nikolskoye,75,RU,1561621206,66.99,6.71,59.7,30.79,82
Waipawa,0,NZ,1561621251,37.99,2.08,-39.94,176.59,93
Saskylakh,0,RU,1561621251,62.52,11.3,71.97,114.09,28
Buritizeiro,6,BR,1561621252,61.08,0.31,-17.37,-44.96,71
Chara,20,GR,1561621252,87.01,6.93,39.42,22.43,40
Albany,90,US,1561621143,66.2,4.97,42.65,-73.75,100
Longyearbyen,40,NO,1561621253,39.2,12.75,78.22,15.63,96
Necochea,98,AR,1561621222,48.99,11.99,-38.55,-58.74,55
Pisco,90,PE,1561621253,62.6,2.24,-13.71,-76.2,88
Kishi,97,NG,1561621254,76.2,6.35,9.08,3.85,83
Hithadhoo,47,MV,1561621254,84.66,9.71,-0.6,73.08,72
Portland,90,US,1561620927,62.6,1.36,43.66,-70.25,100
Matagami,66,NG,1561621255,76.56,5.26,9.67,8.4,78
Hokitika,0,NZ,1561621255,44.52,3.96,-42.72,170.96,66
Talnakh,100,RU,1561621255,46.4,17.9,69.49,88.39,61
Chinsali,0,ZM,1561621256,73.5,9.46,-10.55,32.07,41
Kaitangata,98,NZ,1561621256,51.01,7,-46.28,169.85,60
Siverskiy,75,RU,1561621256,59,6.71,59.35,30.08,82
Avarua,0,CK,1561621058,73.4,3.36,-21.21,-159.78,73
Phangnga,40,TH,1561621257,89.6,16.11,8.45,98.53,62
Peace River,20,CA,1561621257,55,5.82,56.23,-117.29,93
Kapaa,90,US,1561621169,78.8,10.29,22.08,-159.32,88
Hermanus,100,ZA,1561621258,57.99,5.01,-34.42,19.24,68
Geraldton,75,CA,1561621258,59,6.93,49.72,-86.95,82
Chuy,7,UY,1561621258,42.9,9.33,-33.69,-53.46,75
Castro,90,CL,1561621259,44.6,8.05,-42.48,-73.76,93
Leningradskiy,100,RU,1561621259,34.26,4.36,69.38,178.42,86
Prata,79,BR,1561620980,65.58,5.17,-19.31,-48.92,75
Tuktoyaktuk,100,CA,1561621151,34.08,7,69.44,-133.03,92
Mar del Plata,100,AR,1561621260,32.82,9.01,-46.43,-67.52,61
Florence,1,US,1561621261,72,2.73,34.2,-79.77,88
Tilichiki,100,RU,1561621262,44.52,7.29,60.47,166.1,97
Sterling,1,US,1561621262,75.99,5.82,39,-77.4,94
Komsomolskiy,29,RU,1561621262,58.38,13,67.55,63.78,49
Rizhao,63,CN,1561621263,84.84,11.1,35.43,119.46,52
Palmas Bellas,100,PA,1561621263,82.99,13.35,9.23,-80.09,90
Kahului,40,US,1561621263,80.6,4.7,20.89,-156.47,57
Cedar City,1,US,1561621264,66.99,9.17,37.68,-113.06,25
Leshukonskoye,100,RU,1561621264,65.58,9.73,64.9,45.76,37
Thompson,40,CA,1561621265,50,4.7,55.74,-97.86,93
Quatre Cocos,40,MU,1561621265,78.8,13.87,-20.21,57.76,74
Spokane,75,US,1561621173,57.2,1.3,47.66,-117.42,82
Atuona,0,PF,1561621266,81.06,17.98,-9.8,-139.03,76
Pokrovsk,0,RU,1561621311,75.66,1.03,61.48,129.14,33
Acajutla,87,SV,1561621311,83.94,7.72,13.59,-89.83,71
New Norfolk,0,AU,1561621312,55,6.93,-42.78,147.06,66
Ilulissat,15,GL,1561621312,39.2,4.7,69.22,-51.1,86
Aklavik,90,CA,1561621312,44.6,3.36,68.22,-135.01,65
Saint Stephen,40,US,1561621313,71.6,4.7,45.7,-94.27,72
Puerto Ayora,26,EC,1561621313,71.88,10.11,-0.74,-90.35,87
Bethel,90,US,1561621314,64.4,5.82,60.79,-161.76,72
Chepareria,0,KE,1561621314,76.02,4,1.32,35.2,57
Sechura,0,PE,1561621314,63.6,8.19,-5.56,-80.82,88
Cidreira,0,BR,1561621315,43.44,2.26,-30.17,-50.22,66
Peniche,20,PT,1561621311,66.99,4.7,39.36,-9.38,82
Wanning,0,AT,1561621315,88,4.7,48.64,13.53,61
Grootfontein,0,NA,1561621316,62.6,8.05,-19.56,18.1,26
Bahia Honda,93,CU,1561621319,81.96,15.21,22.9,-83.16,77
Mitu,0,IR,1561621319,89.52,7.16,36.2,46.09,19
Orlik,75,PL,1561621320,64.4,17.22,53.95,17.74,82
Moanda,100,CD,1561621320,74.22,12.06,-5.93,12.38,75
Tiksi,29,RU,1561621191,60.54,10.69,71.64,128.87,52
Los Llanos de Aridane,20,ES,1561621321,69.8,6.93,28.66,-17.92,60
Tasiilaq,92,GL,1561621321,41,8.05,65.61,-37.64,86
Sitka,22,US,1561621321,73,10,37.17,-99.65,77
Cape Town,100,ZA,1561621083,62.01,2.24,-33.93,18.42,100
Kuching,75,MY,1561621104,93.2,3.36,1.56,110.34,59
Valley City,1,US,1561621322,66.2,3.36,46.92,-98,88
Inuvik,90,CA,1561621322,44.6,3.36,68.36,-133.71,65
Nadym,64,RU,1561621323,56.04,16.87,65.53,72.51,47
Letka,0,BA,1561621323,84.2,3.36,43.74,17.27,45
Thunder Bay,5,CA,1561621278,59,3.36,48.41,-89.26,93
San Patricio,0,PY,1561621324,42.18,4.97,-26.98,-56.83,85
Khatanga,100,RU,1561621324,62.16,5.95,71.98,102.47,26
Jardim,100,BR,1561621324,58.56,4.72,-21.48,-56.15,96
Naze,100,NG,1561621325,73.86,2.82,5.43,7.07,95
Tessalit,0,ML,1561621325,95.46,9.51,20.2,1.01,28
Ban Nahin,100,LA,1561621325,83.4,4.34,18.24,104.21,86
Antofagasta,90,CL,1561621027,55.4,3.36,-23.65,-70.4,76
Salalah,75,OM,1561621326,86,14.99,17.01,54.1,79
Mwene-Ditu,1,CD,1561621326,85.74,6.49,-7.01,23.45,26
Tiarei,20,PF,1561621326,78.01,4.7,-17.53,-149.33,78
Heihe,40,RU,1561621327,64.4,4.47,50.24,127.51,68
Butaritari,0,KI,1561621327,83.76,14.12,3.07,172.79,75
Muros,90,ES,1561621328,64.99,1.12,42.77,-9.06,93
Hami,0,CN,1561621328,85.92,14.23,42.84,93.51,9
Kaifeng,100,CN,1561621328,87.8,4.47,34.8,114.35,48
Kutum,0,SD,1561621329,90.24,4.54,14.2,24.66,23
Lichtenburg,10,ZA,1561621329,58.02,21.61,-26.15,26.16,59
Kodiak,1,US,1561621371,75.99,8.05,39.95,-94.76,83
Hasaki,75,JP,1561621371,80.6,16.11,35.73,140.83,74
Yellowknife,75,CA,1561621372,48.2,17.22,62.45,-114.38,81
Olinda,0,AU,1561621373,59,13.87,-37.84,145.39,62
Onokhoy,75,RU,1561621373,64.4,15.66,51.92,108.05,63
Yabrud,0,SY,1561621373,84.2,11.41,33.97,36.66,39
Santa Vitoria do Palmar,2,BR,1561621374,43.44,7.54,-33.52,-53.37,74
Qaanaaq,0,GL,1561621374,35.52,3.4,77.48,-69.36,59
Anadyr,90,RU,1561621374,48.2,13.42,64.73,177.51,93
Hilo,90,US,1561621225,78.8,8.05,19.71,-155.08,78
Bilma,0,NE,1561621375,100.5,8.79,18.69,12.92,16
Naples,0,IT,1561621375,90,5.82,40.84,14.25,42
Ozinki,60,RU,1561621376,75.12,10.18,51.2,49.73,38
Saint-Georges,77,CA,1561621376,63,6.98,46.12,-70.67,95
Kudahuvadhoo,81,MV,1561621377,83.22,1.77,2.67,72.89,71
Port Blair,98,IN,1561621349,84.12,24.27,11.67,92.75,79
Portobelo,40,PA,1561621377,82.99,3.36,9.55,-79.65,94
Saint George,20,GR,1561621089,87.01,6.93,39.45,22.34,40
Bubaque,100,GW,1561621241,80.52,10.04,11.28,-15.83,80
Kloulklubed,90,PW,1561621378,77,14.99,7.04,134.26,94
Banjar,92,ID,1561621378,77.1,7.23,-7.37,108.54,71
Georgetown,20,GY,1561621148,73.4,4.7,6.8,-58.16,100
Cayenne,90,GF,1561621379,77,3.36,4.94,-52.33,94
Hamilton,75,CA,1561621299,68,3.36,43.26,-79.87,82
Ancud,90,CL,1561621380,44.6,8.05,-41.87,-73.83,93
Fare,0,PF,1561621380,80.34,7.65,-16.7,-151.02,73
Carnarvon,0,ZA,1561621380,52.8,19.17,-30.97,22.13,22
Ringsted,12,DK,1561621380,64,12.75,55.45,11.8,77
Oum Hadjer,63,TD,1561621381,92.94,15.66,13.3,19.7,33
Borskoye,100,RU,1561621381,68.28,6.67,53.03,51.7,50
Victoria,75,BN,1561621300,89.6,6.93,5.28,115.24,66
Severo-Kurilsk,100,RU,1561621382,40.2,11.63,50.68,156.12,95
Calawag,100,PH,1561621382,79.62,3.76,10.67,119.57,91
Awbari,59,LY,1561621383,96.18,9.84,26.59,12.77,16
Provideniya,100,RU,1561621383,46.68,2.64,64.42,-173.23,95
Paita,0,PE,1561621383,64.14,11.59,-5.09,-81.11,90
Taltal,49,CL,1561621384,46.14,0.92,-25.41,-70.49,91
Salamanca,100,MX,1561621384,62.01,4.36,20.57,-101.19,88
Opuwo,0,NA,1561621384,73.86,5.14,-18.06,13.84,24
Kijang,75,KR,1561621385,78.8,8.05,35.24,129.21,83
Guerrero Negro,94,MX,1561621385,63.06,11.65,27.97,-114.04,87
Bangui,75,CF,1561621386,75.2,11.41,4.39,18.55,94
Montepuez,0,MZ,1561621386,81.24,7.45,-13.13,39,37
Carahue,90,CL,1561621386,50,8.05,-38.71,-73.16,100
Clyde River,20,CA,1561621387,32,3.36,70.47,-68.59,63
Dolinsk,40,RU,1561621431,59,6.71,47.32,142.8,72
Saint Anthony,1,US,1561621432,62.6,4.7,43.97,-111.68,45
Scarborough,0,GB,1561621142,61,3.36,54.28,-0.41,87
Narsaq,90,GL,1561621432,46.4,10.29,60.91,-46.05,87
Zhigansk,68,RU,1561621432,80.16,9.95,66.77,123.37,34
Whitecourt,15,CA,1561621433,45.42,3.56,54.14,-115.68,94
Senneterre,1,CA,1561621433,57.2,5.82,48.39,-77.24,93
Ryotsu,90,JP,1561621434,71.6,4.7,38.08,138.43,94
Spasskoye,43,RU,1561621434,61.44,7.92,55.86,45.7,75
Ko Samui,20,TH,1561621198,91.4,11.41,9.54,99.94,59
Port-Cartier,90,CA,1561621435,55,11.41,50.03,-66.88,93
Limbang,75,BN,1561621435,89.6,5.82,4.75,115.01,70
Richards Bay,0,ZA,1561621435,71.34,19.69,-28.77,32.06,65
Kununurra,4,AU,1561621436,84.2,8.05,-15.77,128.74,11
Arraial do Cabo,100,BR,1561621436,73.32,5.46,-22.97,-42.02,82
Torbay,40,CA,1561621300,44.6,4.7,47.66,-52.73,81
Ribeira Grande,75,PT,1561621437,64.4,5.82,38.52,-28.7,63
Hirara,75,JP,1561621437,84.2,17.22,24.8,125.28,88
Udachnyy,40,RU,1561621437,80.6,6.71,66.42,112.4,34
Meulaboh,71,ID,1561621437,85.2,7.43,4.14,96.13,64
Yasothon,75,TH,1561621438,93.2,12.75,15.8,104.15,49
Freeport,0,BS,1561621438,82.86,9.06,26.54,-78.7,75
Jam Sahib,0,PK,1561621438,104,9.17,26.3,68.63,40
Marzuq,61,YE,1561621439,98.88,19.91,14.4,46.47,11
Kavieng,100,PG,1561621148,85.2,13,-2.57,150.8,73
Portalegre,0,PT,1561621439,66.2,5.82,39.29,-7.43,77
Uusikaupunki,75,FI,1561621440,61,8.05,60.8,21.41,77
Hovd,75,NO,1561621440,52,16.11,63.83,10.7,87
Saint-Philippe,90,CA,1561621440,68,4.7,45.36,-73.48,93
San Ramon,95,NI,1561621441,66.48,6.42,12.92,-85.84,94
Miri,27,NG,1561621441,87.9,3.2,10.31,9.75,46
Walvis Bay,90,NA,1561621441,59,10.29,-22.95,14.51,77
Biloxi,20,US,1561621338,80.6,3.91,30.4,-88.89,78
Margate,0,AU,1561621442,55,6.93,-43.03,147.26,66
Ostrovnoy,100,RU,1561621442,60.36,17.16,68.05,39.51,57
Hobyo,37,SO,1561621443,89.7,26.04,5.35,48.53,42
Omboue,100,GA,1561621443,74.94,11.61,-1.57,9.26,76
Teeli,68,RU,1561621443,67.38,4.23,51.01,90.2,33
Dicabisagan,100,PH,1561621444,80.16,3.94,17.08,122.42,87
High Rock,9,BS,1561621444,82.68,8.79,26.63,-78.28,75
Yashalta,2,RU,1561621444,87.18,7.23,46.34,42.27,34
Elizabethtown,1,US,1561621168,73,5.82,40.15,-76.6,83
Tuatapere,100,NZ,1561621445,50,3,-46.13,167.69,90
Gobabis,32,NA,1561621445,59,5.82,-22.45,18.97,30
Port Moresby,40,PG,1561621445,84.2,11.41,-9.47,147.16,79
Mountain Home,90,US,1561621491,71.6,13.87,43.13,-115.69,21
Ashnak,0,AM,1561621492,84.2,2.24,40.33,43.92,37
Dikson,99,RU,1561621145,34.08,11.52,73.51,80.55,97
Marsassoum,0,SN,1561621492,75.2,2.24,12.83,-15.98,94
Pochutla,50,MX,1561621492,79,7.11,15.74,-96.47,88
Cabo San Lucas,0,MX,1561621493,77,4.88,22.89,-109.91,81
Manokwari,100,ID,1561621493,76.02,3.6,-0.87,134.08,87
Athmallik,100,IN,1561621493,98.7,10.71,20.72,84.53,40
Lorengau,10,PG,1561621494,80.34,7.43,-2.02,147.27,84
Ampanihy,80,MG,1561621494,74.04,16.62,-24.69,44.75,63
Lagoa,0,PT,1561621494,69.01,9.17,37.14,-8.45,72
Cabedelo,40,BR,1561621495,71.6,8.05,-6.97,-34.84,100
Ossora,93,RU,1561621495,54.6,2.84,59.24,163.07,65
Hualmay,100,PE,1561621495,62.52,11.43,-11.1,-77.61,86
Lata,48,IN,1561621496,51.36,8.97,30.78,78.62,50
Kavaratti,20,IN,1561621496,89.6,9.17,10.57,72.64,66
Sorland,75,NO,1561621496,48.2,8.05,67.67,12.69,70
Sao Joao da Barra,5,BR,1561621497,67.56,4.32,-21.64,-41.05,78
Sokna,0,NO,1561621497,66,11.41,60.24,9.92,50
Callaway,1,US,1561621497,66.2,8.5,46.98,-95.91,82
Kiunga,94,PG,1561621498,72.6,2.01,-6.12,141.3,99
Katsuura,75,JP,1561621498,77,19.46,33.93,134.5,94
Saint Lawrence,0,MT,1561621498,84.99,8.05,36.06,14.2,48
Xingyi,100,CN,1561621499,74.94,10.96,24.19,102.82,67
Flinders,20,AU,1561621499,59,4.7,-34.58,150.85,76
Yurga,0,RU,1561621499,78.9,8.7,55.71,84.93,54
Payo,57,ID,1561621499,75.84,0.22,-3.75,103.64,91
Alofi,45,NU,1561621500,73.4,10.29,-19.06,-169.92,78
Kanash,75,RU,1561621500,53.6,6.71,55.51,47.5,93
Ulagan,51,RU,1561621500,73.32,2.42,50.63,87.96,25
Kaeo,2,NZ,1561621501,53.01,3,-35.1,173.78,91
Veraval,0,FR,1561621501,73.99,13.87,49.65,0.71,82
Pacific Grove,40,US,1561621224,60.01,5.82,36.62,-121.92,82
Kirakira,100,SB,1561621502,79.98,4.18,-10.46,161.92,82
Celestun,100,MX,1561621502,81.24,14.83,20.87,-90.4,76
Santa Ana,75,US,1561621421,66.2,3.36,33.75,-117.87,77
Anchorage,1,US,1561621503,68,3.36,61.22,-149.89,68
Saryozek,0,KZ,1561621504,88.26,9.06,44.36,77.98,18
Constitucion,0,MX,1561621504,55.68,4.05,23.99,-104.67,59
Hambantota,40,LK,1561621504,89.6,12.75,6.12,81.12,79
Ust-Karsk,100,RU,1561621505,69,4.72,52.71,118.82,56
Ponta do Sol,31,BR,1561621505,61.62,4.27,-20.63,-46,59
Robertsport,100,LR,1561621505,77.28,7.9,6.75,-11.37,89
Sabang,100,PH,1561621506,74.94,4.54,13.8,121.11,97
Teya,5,MX,1561621506,80.01,5.82,21.05,-89.07,78
Cherskiy,36,RU,1561621506,50.28,18.84,68.75,161.3,53
Waingapu,27,ID,1561621507,73.5,13.96,-9.65,120.26,67
Ivanivka,0,UA,1561621551,82.4,11.18,46.98,30.46,45
Mehamn,75,NO,1561621548,44.6,25.28,71.03,27.85,93
Nome,40,US,1561621552,82,3.36,30.04,-94.42,88
Healdsburg,1,US,1561621552,55.99,4.7,38.61,-122.87,93
Abu Kamal,0,SY,1561621553,104.28,10.85,34.45,40.92,14
Amahai,100,ID,1561621553,78,10.02,-3.31,129,79
Road Town,20,VG,1561621553,80.6,6.93,18.42,-64.62,78
Khandyga,0,RU,1561621554,80.52,7.25,62.65,135.58,24
Malindi,75,KE,1561621554,82.4,20.8,-3.22,40.12,69
Avera,1,US,1561621554,71.6,3.65,33.19,-82.53,94
Nador,90,MA,1561621555,73.4,5.82,35.17,-2.93,83
East London,0,ZA,1561621555,64.4,13.87,-33.02,27.91,36
Khvoynaya,99,RU,1561621555,61.44,4.79,58.9,34.53,67
Tank,21,PK,1561621556,84.84,18.97,32.22,70.39,37
Dinar,20,TR,1561621556,84.2,9.17,38.07,30.16,39
Urengoy,79,RU,1561621556,58.02,17.69,65.96,78.37,48
Chemal,11,RU,1561621557,80.34,3.36,51.41,86,28
Tiruchchendur,20,IN,1561621557,100.4,11.41,8.48,78.12,39
Tautira,20,PF,1561621557,77,4.7,-17.73,-149.15,78
Palmer,0,AU,1561621558,69.8,14.99,-34.85,139.16,40
Motala,99,IN,1561621558,90.6,8.55,20.68,76.21,52
Nenjiang,100,CN,1561621558,54.24,15.52,49.17,125.23,94
Dunedin,33,NZ,1561621418,51.01,1.01,-45.87,170.5,60
Husavik,0,CA,1561621559,59,4.41,50.56,-96.99,82
Belen,1,US,1561621559,75.99,13.87,34.66,-106.78,33
Barabai,61,ID,1561621560,89.16,3.49,-2.59,115.38,55
Touros,40,BR,1561621142,73.4,4.7,-5.2,-35.46,100
Noumea,75,NC,1561621524,69.8,6.93,-22.28,166.46,88
Russell,1,US,1561621386,77,19.46,38.9,-98.86,69
Moroto,22,UG,1561621561,77.28,2.66,2.53,34.66,56
Port Arthur,40,US,1561621561,80.6,2.86,29.9,-93.93,100
Nuuk,85,GL,1561621436,46.4,3.36,64.17,-51.74,100
Cap Malheureux,40,MU,1561621562,78.8,13.87,-19.98,57.61,74
Las Matas de Farfan,85,DO,1561621562,71.16,1.79,18.87,-71.52,93
Petropavlovsk-Kamchatskiy,75,RU,1561621562,51.8,11.18,53.05,158.65,66
San Jeronimo,51,PE,1561621563,42.54,1.79,-13.65,-73.37,88
Bambous Virieux,40,MU,1561621533,78.8,13.87,-20.34,57.76,74
Suslovo,0,RU,1561621563,84.3,8.21,56.22,88.12,36
San Carlos de Bariloche,90,AR,1561621563,37.4,10.29,-41.13,-71.31,93
Igarka,100,RU,1561621564,47.4,10.89,67.47,86.57,92
Luderitz,0,NA,1561621564,46.4,4.7,-26.65,15.16,93
Samarai,94,PG,1561621564,74.94,5.12,-10.62,150.67,94
Anloga,100,GH,1561621542,75.3,7.2,5.79,0.9,91
Derzhavinsk,6,KZ,1561621565,70.62,9.57,51.1,66.31,38
Nantucket,90,US,1561621438,64,3.36,41.28,-70.1,93
Saqqez,0,IR,1561621565,89.52,7.16,36.24,46.27,19
Zhanaozen,98,KZ,1561621611,91.14,10.27,43.35,52.85,14
Upernavik,80,GL,1561621611,33.18,13,72.79,-56.15,86
Fortuna,0,ES,1561621612,87.01,4.7,38.18,-1.13,57
Vysokogornyy,35,RU,1561621612,59.82,7.72,50.1,139.13,45
Gimli,0,CA,1561621149,59,3.31,50.63,-96.99,82
Mount Isa,76,AU,1561621613,77,5.82,-20.73,139.49,31
Caravelas,21,BR,1561621497,70.08,3.85,-17.73,-39.27,92
Pascagoula,1,US,1561621613,81,3.91,30.37,-88.56,88
Sistranda,75,NO,1561621614,50,16.11,63.73,8.83,87
Havre-Saint-Pierre,90,CA,1561621614,55.4,5.82,50.23,-63.6,93
Bambanglipuro,44,ID,1561621614,76.92,15.19,-7.95,110.28,77
Soe,90,EE,1561621615,57.2,8.05,57.91,26.05,100
Aberystwyth,1,GB,1561621615,66,3,52.41,-4.08,68
Aykhal,40,RU,1561621616,80.6,6.71,65.95,111.51,34
Ode,97,NG,1561621616,76.74,7.54,8.45,4.32,87
Fairbanks,75,US,1561621616,69.8,1.1,64.84,-147.72,43
Araouane,34,ML,1561621617,99.06,13.11,18.9,-3.53,10
Maputo,20,MZ,1561621617,69.8,2.24,-25.97,32.57,88
De-Kastri,25,RU,1561621617,59.64,4.29,51.48,140.77,56
Upata,18,VE,1561621618,75,5.14,8.02,-62.41,92
Miranda de Ebro,0,ES,1561621618,79,10.36,42.69,-2.95,53
Chulym,100,RU,1561621619,69.54,7.9,55.09,80.97,84
Mobile,1,US,1561621553,81,3.11,30.69,-88.04,88
Gull Lake,90,CA,1561621619,59,11.41,50.1,-108.48,77
Gilbues,0,BR,1561621619,64.68,5.79,-9.83,-45.34,60
Tigil,56,RU,1561621620,57.12,4.59,57.8,158.67,64
Grindavik,90,IS,1561621620,51.8,16.11,63.84,-22.43,100
Bilibino,99,RU,1561621620,52.44,6.26,68.06,166.44,48
Mitsamiouli,20,KM,1561621621,82.4,20.8,-11.38,43.28,65
Dabat,100,ET,1561621621,77.64,2.59,12.98,37.77,74
Inhambane,40,MZ,1561621621,71.6,3.36,-23.87,35.38,73
Vilhena,26,BR,1561621621,66.48,1.63,-12.74,-60.15,92
Miyako,75,JP,1561621622,84.99,9.17,33.63,130.94,74
Isangel,100,VU,1561621622,75.84,6.89,-19.55,169.27,86
Daru,98,PG,1561621622,76.2,11.05,-9.07,143.21,88
Navolato,8,MX,1561621623,77,4.97,24.76,-107.7,72
Robertsganj,99,IN,1561621623,103.92,7.78,24.69,83.07,30
Santa Maria,0,BR,1561621624,59,3.36,-16.02,-48.01,77
Coquimbo,0,CL,1561621586,48.2,6.93,-29.95,-71.34,87
Puerto Madero,0,AR,1561621625,50,13.87,-34.61,-58.36,61
Korcula,0,HR,1561621626,84.2,3.36,42.96,17.14,45
Poso,69,ID,1561621626,67.74,2.24,-1.4,120.75,97
Buala,96,SB,1561621626,81.6,10.29,-8.15,159.59,78
Kruisfontein,0,ZA,1561621600,65.22,12.06,-34,24.73,44
Saint-Denis,0,FR,1561621627,77,11.41,48.94,2.36,73
Tucumcari,1,US,1561621627,78.8,20.8,35.17,-103.73,31
Lasa,0,CY,1561621671,88,11.41,34.92,32.53,74
Eyl,0,SO,1561621672,92.04,28.79,7.98,49.82,36
Kerema,23,PG,1561621672,79.8,20.98,-7.96,145.78,86
Goksun,0,TR,1561621672,90,9.17,38.02,36.5,46
Onguday,15,RU,1561621673,75.66,2.8,50.75,86.14,30
Moose Factory,90,CA,1561621673,59,5.82,51.26,-80.61,87
Dangtu,20,CN,1561621673,87.8,2.24,31.57,118.49,52
Foix,0,FR,1561621674,82,12.75,42.97,1.61,57
Taoudenni,0,ML,1561621674,106.8,13.27,22.68,-3.98,5
Norman Wells,75,CA,1561621674,46.4,3.36,65.28,-126.83,70
Arkansas City,1,US,1561621675,78.8,11.41,37.06,-97.04,94
Santa Ines,75,EC,1561621675,48.2,8.05,-0.82,-78.63,93
Atar,0,MR,1561621676,92.4,18.37,20.52,-13.05,20
Talaya,0,RU,1561621676,78.8,8.95,55.79,84.89,41
Pachino,0,IT,1561621677,86.64,6.44,36.72,15.09,36
Lac du Bonnet,0,CA,1561621677,59,3.62,50.25,-96.06,81
Verkhoturye,59,RU,1561621677,69.18,1.59,58.86,60.81,36
Gatton,40,AU,1561621589,62.6,9.17,-27.56,152.28,77
Aswan,0,EG,1561621678,111.48,11.41,24.09,32.9,7
Yulara,64,AU,1561621678,71.6,4.7,-25.24,130.99,14
Santa Rosa,90,US,1561621396,57.99,6.93,38.44,-122.71,100
Trofors,75,NO,1561621680,50,3.36,65.54,13.39,81
Whitehorse,75,CA,1561621681,55.4,3.36,60.72,-135.06,76
Mackay,40,CA,1561621681,46.4,2.62,53.65,-115.58,93
Vostok,100,RU,1561621681,54.24,4.72,46.45,135.83,99
Karatau,82,KZ,1561621682,95.46,8.7,43.18,70.46,10
Maragogi,77,BR,1561621682,71.52,4.21,-9.01,-35.22,95
Te Anau,4,NZ,1561621582,44.16,6.64,-45.41,167.72,83
Paka,100,CF,1561621683,72.96,5.7,4.15,15.03,78
Knyaze-Volkonskoye,0,RU,1561621683,64.4,8.95,48.46,135.46,55
Broome,75,GB,1561621683,62.01,12.75,52.47,1.45,82
Mayo,20,CA,1561621684,57.2,3.78,63.59,-135.9,41
Caxias,0,BR,1561621684,73.4,2.24,-4.87,-43.35,94
Matiri,25,UG,1561621685,76.2,0.54,0.58,30.76,70
Sangar,23,RU,1561621685,76.02,8.7,63.92,127.47,44
Luanda,75,AO,1561621685,69.8,5.82,-8.83,13.24,83
Singapore,75,MY,1561620944,93,11.41,1.29,103.85,63
Pangnirtung,0,CA,1561621686,45.6,1.7,66.15,-65.72,68
Fort Morgan,1,US,1561621679,66.2,0.67,40.25,-103.8,72
Chekhov,75,RU,1561621686,63,8.95,55.14,37.45,93
Port Hedland,60,AU,1561621638,78.8,10.29,-20.31,118.58,47
Seydi,0,NE,1561621687,87.18,15.12,13.34,7.75,46
Lompoc,40,US,1561621687,57.99,5.82,34.64,-120.46,93
Sijunjung,57,ID,1561621729,75.66,3.69,-0.69,100.95,87
Elbistan,0,TR,1561621731,79.44,7.45,38.2,37.19,26
Chokurdakh,0,RU,1561621732,60.9,15.01,70.62,147.9,37
Bhadrachalam,99,IN,1561621732,96.9,7.29,17.67,80.89,43
Correntina,67,BR,1561621732,62.34,4.43,-13.34,-44.63,72
Yenangyaung,84,MM,1561621733,96.54,10.09,20.46,94.87,43
Penzance,0,GB,1561621733,68,32.21,50.12,-5.53,77
Balkhash,20,KZ,1561621733,89.6,11.18,46.84,74.98,29
Fushe-Arrez,0,AL,1561621734,74.94,10.25,42.06,20.02,58
Passo Fundo,0,BR,1561621734,40.02,5.86,-28.26,-52.41,92
Sioux Lookout,5,CA,1561621574,59,4.7,50.1,-91.92,93
Mumford,97,GH,1561621735,78.18,4.61,5.26,-0.76,85
Paamiut,100,GL,1561621662,39.48,6.71,61.99,-49.67,100
Pevek,100,RU,1561621569,35.88,27.38,69.7,170.27,73
Gazanjyk,27,TM,1561621735,101.76,4.97,39.24,55.52,15
Venice,1,US,1561621545,78.8,6.93,27.1,-82.45,69
Xinpu,42,CN,1561621736,79.26,5.39,27.63,119.93,80
Khokhlovo,0,RU,1561621736,78.8,13.42,50.71,36.69,41
Muncar,31,ID,1561621737,74.58,5.17,-8.43,114.34,74
Aracati,100,BR,1561621737,71.34,5.28,-4.56,-37.77,91
Pedasi,54,PA,1561621737,74.22,2.59,7.53,-80.03,90
Blind River,1,CA,1561621737,60.8,3.24,46.19,-82.96,77
Batemans Bay,0,AU,1561621738,60.01,3,-35.71,150.18,84
Lufilufi,20,WS,1561621738,80.6,8.05,-13.87,-171.6,83
Itoman,75,JP,1561621738,86,9.17,26.12,127.67,89
Ouallam,14,NE,1561621739,93.84,14.92,14.32,2.08,36
Qaqortoq,90,GL,1561621739,46.4,10.29,60.72,-46.03,87
Iqaluit,20,CA,1561621739,41,2.24,63.75,-68.52,86
Gostilitsy,75,RU,1561621740,66.99,6.71,59.75,29.62,82
Basoko,100,CD,1561621740,70.8,7.43,1.23,23.61,95
Neyshabur,0,IR,1561621740,84.3,7,36.21,58.79,12
Gualaco,64,HN,1561621741,63.24,1.52,15.03,-86.07,98
Aitape,82,PG,1561621741,80.52,1.36,-3.15,142.36,78
El Zapote,62,GT,1561621741,56.76,3.33,15.65,-91.92,91
Takab,0,IR,1561621742,85.56,9.57,36.4,47.11,18
Blagoyevo,100,RU,1561621743,63.24,7.43,63.37,47.92,37
Faanui,2,PF,1561621619,80.16,2.08,-16.48,-151.75,71
Mirandola,0,IT,1561621744,90,3.36,44.89,11.07,62
Susanville,1,US,1561621744,53.6,5.82,40.42,-120.65,95
Ystad,90,SE,1561621584,63,17.22,55.43,13.82,72
Sobolevo,97,RU,1561621745,74.94,10.04,54.43,31.9,79
Ayan,0,IR,1561621745,72.42,8.88,38.23,44.7,38
Marovoay,20,MG,1561621745,84.2,11.41,-16.11,46.64,45
Yenagoa,91,NG,1561621745,78.54,7.14,4.92,6.26,86
Huanan,100,CN,1561621746,57.48,9.82,46.24,130.56,89
Medina del Campo,0,ES,1561621746,87.01,5.82,41.31,-4.92,56
Khani,75,GE,1561621747,80.6,4.7,41.96,42.96,74
Moen,0,BE,1561621747,69.01,12.75,50.77,3.4,82
Ahipara,1,NZ,1561621791,57.84,15.37,-35.17,173.16,75
Juba,90,EE,1561621791,57.2,8.05,57.82,26.93,100
Seoul,75,KR,1561621328,87.8,3.36,37.57,126.98,62
Kamiiso,75,JP,1561621792,68,8.05,41.82,140.65,88
Okhotsk,60,RU,1561621792,77.28,3.85,59.36,143.24,42
Gamba,97,CN,1561621793,61.62,14.52,28.28,88.52,28
Sawakin,6,SD,1561621793,106.26,9.1,19.1,37.33,8
Pimentel,100,BR,1561621793,69.9,1.61,-3.7,-45.5,99
Shirdi,88,IN,1561621688,87.72,13.02,19.77,74.48,60
Bria,41,CF,1561621794,82.14,2.71,6.54,21.99,67
Beruwala,47,LK,1561621794,83.4,15.03,6.48,79.98,77
The Valley,20,AI,1561621559,81,10.29,18.22,-63.06,78
Salisbury,20,GB,1561621795,64,14.99,51.07,-1.8,72
Mogadishu,40,SO,1561621795,84.2,14.99,2.04,45.34,62
Mahon,75,IE,1561621795,63,17.22,51.89,-8.4,77
Shache,99,CN,1561621796,86.1,0.67,38.42,77.24,19
Coffs Harbour,75,AU,1561621796,66.2,14.99,-30.3,153.13,68
Manta,0,RO,1561621797,80.34,6.06,45.1,24.1,52
Berlevag,75,NO,1561621797,46.4,25.28,70.86,29.09,93
Tarko-Sale,81,RU,1561621797,48.99,15.9,64.92,77.78,86
Damaturu,0,NG,1561621798,87,5.97,11.75,11.96,48
Tura,94,RU,1561621798,67.92,4.18,64.27,100.22,72
Mildura,27,AU,1561621799,66.2,10.29,-34.18,142.16,39
Ucluelet,100,CA,1561621659,54,12.08,48.94,-125.55,95
Fort Saint James,0,CA,1561621802,48.48,4.88,54.43,-124.25,75
Kovernino,100,RU,1561621803,62.52,4.99,57.13,43.81,62
Shubarshi,100,KZ,1561621584,75.84,5.99,48.59,57.19,30
Roald,75,NO,1561621804,53.6,9.17,62.58,6.12,87
Hofn,97,IS,1561621804,44.34,12.64,64.25,-15.21,94
Mor,0,HU,1561621804,89.01,9.17,47.38,18.2,55
San Cristobal,80,HN,1561621805,64.14,2.21,14.68,-86.92,96
Aksarka,72,RU,1561621805,59.28,6.87,66.56,67.8,41
Abu Dhabi,0,AE,1561621806,105.8,9.17,24.47,54.37,31
Mangawan,95,IN,1561621806,102.66,8.05,24.65,81.54,30
Samur,97,AZ,1561621806,80.16,8.66,41.64,48.43,46
Esperance,40,AU,1561621806,62.6,20.8,-33.86,121.89,51
Gizo,0,IL,1561621807,90,6.93,31.8,34.94,48
Gubkinskiy,62,RU,1561621807,57.84,19.08,64.43,76.5,47
Rakhiv,99,UA,1561621808,76.02,3,48.06,24.21,80
Vao,96,EE,1561621808,60.18,8.63,59.1,26.19,85
Wilmington,1,US,1561621808,73.99,5.79,39.75,-75.55,73
Nagua,46,DO,1561621809,72.24,1.74,19.37,-69.85,95
Beloha,64,MG,1561621809,73.32,17.25,-25.17,45.06,66
Mandera,50,ET,1561621852,90.06,21.32,3.94,41.86,34
Garmsar,0,IR,1561621853,88.8,11.27,35.22,52.34,15
Diffa,87,NE,1561621853,88.62,11.21,13.32,12.61,48
Poya,100,NC,1561621853,71.52,20.18,-21.35,165.16,86
Mahebourg,40,MU,1561621555,78.8,13.87,-20.41,57.7,74
Beeville,75,US,1561621748,82.99,4.7,28.4,-97.75,88
Bagdarin,100,RU,1561621854,52.44,3.38,54.44,113.59,93
Pucallpa,75,PE,1561621854,77,3.36,-8.38,-74.54,88
Lovozero,100,RU,1561621854,52.98,11.52,68.01,35.02,79
Broken Hill,2,AU,1561621855,68,12.75,-31.97,141.45,34
Muyezerskiy,100,RU,1561621855,54.06,2.82,63.93,31.65,92
Adrar,0,DZ,1561621855,93.2,11.41,27.87,-0.29,5
Simbahan,100,PH,1561621856,84.66,9.33,6.3,120.58,72
Juneau,75,US,1561621856,62.6,3.36,58.3,-134.42,59
San Luis,41,AR,1561621857,48.12,13.82,-33.3,-66.34,35
Malanville,61,NE,1561621857,85.38,10.36,11.86,3.39,63
Requena,0,ES,1561621857,82,1.12,39.49,-1.1,73
Sagarejo,20,GE,1561621858,86,5.82,41.73,45.33,37
Breves,94,BR,1561621645,71.7,1.88,-1.68,-50.48,99
Were Ilu,84,ET,1561621859,82.86,6.35,10.6,39.43,26
Kapit,100,MY,1561621859,83.58,1.34,2.02,112.94,68
Coihaique,0,CL,1561621859,33.8,4.7,-45.58,-72.07,97
Kamaishi,75,JP,1561621860,69.8,2.24,39.28,141.86,94
Zhezkazgan,75,KZ,1561621860,84.2,6.71,47.8,67.71,30
Lyngseidet,75,NO,1561621860,46.4,23.04,69.58,20.21,70
Tutoia,100,BR,1561621861,70.44,6.49,-2.76,-42.27,91
Vagur,100,FO,1561621861,50.28,15.55,61.47,-6.81,96
Nebbi,0,UG,1561621862,75.66,3.27,2.48,31.09,73
Chany,100,RU,1561621862,56.76,6.78,55.31,76.76,80
Puerto Baquerizo Moreno,100,EC,1561621862,72.24,13.67,-0.9,-89.6,89
Verkhoyansk,64,RU,1561621862,79.62,7.14,67.55,133.39,25
Bukachacha,100,RU,1561621863,59.28,2.95,52.99,116.91,82
Nanortalik,100,GL,1561621863,36.06,5.19,60.14,-45.24,98
Hyeres,0,FR,1561621863,100.99,3.74,43.12,6.14,48
Tiznit,100,MA,1561621825,67.2,18.52,29.7,-9.73,90
Christchurch,0,NZ,1561621816,41,4.7,-43.53,172.64,100
Leczna,20,PL,1561621864,82,19.46,51.3,22.88,64
Storm Lake,20,US,1561621865,70,6.93,42.64,-95.21,94
Mushabani,75,IN,1561621865,95,6.93,22.52,86.46,53
Oistins,100,BB,1561621865,80.88,20.27,13.07,-59.53,77
Tateyama,75,JP,1561621866,78.8,9.17,36.66,137.31,74
Khatima,28,IN,1561621866,112.02,11.56,28.92,79.97,12
Takoradi,100,GH,1561621715,76.56,4.65,4.89,-1.75,88
Sola,100,TZ,1561621911,72.96,2.66,-3.17,33.8,54
Klaksvik,90,FO,1561621912,50,13.87,62.23,-6.59,100
Akniste,89,LV,1561621912,65.22,13.15,56.16,25.75,70
Sur,0,OM,1561621912,102.12,3.09,22.57,59.53,28
Zhoucheng,20,CN,1561621913,87.8,2.24,31.35,119.33,52
Tingi,0,TZ,1561621913,72.06,4.18,-11.3,35.03,55
Vardo,1,US,1561621913,73,2.33,39.62,-77.74,93
Guarapari,0,BR,1561621914,75.2,5.82,-20.67,-40.5,73
Abnub,0,EG,1561621914,107.16,10.22,27.27,31.15,8
